{
  "method": "stub_fft_loop",
  "input_shape": [
    256,
    256
  ],
  "runs_s": [
    0.02084200300004113,
    0.021086049000018647,
    0.020747997999990275,
    0.02093277199998056,
    0.020787756000004265
  ],
  "mean_s": 0.020879315600006977,
  "std_s": 0.00012051223001964176
}